{
    "Brands": {
        "1056035": {
            "BrdId": 1056035,
            "BrdName": "REEGO",
            "FirId": 2,
            "RetailPrice": 800,
            "AttLevels": {
                "6": 75,
                "7": 43,
                "8": 30,
                "9": 8,
                "10": 48
            },
            "SemMDSPerceptions": {
                "6": 5.817999839782715,
                "7": 5.242000102996826,
                "8": 2.812000036239624,
                "9": 4.414000034332275,
                "10": 4.914999961853027,
                "11": 3.640000104904175
            }
        },
        "1061609": {
            "BrdId": 1061609,
            "BrdName": "MEMIMMO",
            "FirId": 1,
            "RetailPrice": 600,
            "AttLevels": {
                "6": 44,
                "7": 70,
                "8": 30,
                "9": 5,
                "10": 40
            },
            "SemMDSPerceptions": {
                "6": 4.855000019073486,
                "7": 2.686000108718872,
                "8": 5.388999938964844,
                "9": 4.414000034332275,
                "10": 2.6019999980926514,
                "11": 3.0969998836517334
            }
        }
    },
    "DimSlopIntercept": {
        "6": {
            "Item1": 207.684326171875,
            "Item2": -408.307373046875
        },
        "7": {
            "Item1": 12.128325462341309,
            "Item2": 11.423317909240723
        },
        "8": {
            "Item1": 10.477298736572266,
            "Item2": 13.537835121154785
        },
        "9": {
            "Item1": 0,
            "Item2": 0
        },
        "10": {
            "Item1": 1.2970168590545654,
            "Item2": 1.625162124633789
        },
        "11": {
            "Item1": 14.732965469360352,
            "Item2": -5.627992630004883
        },
        "12": {
            "Item1": 0,
            "Item2": 0
        },
        "15": {
            "Item1": 0,
            "Item2": 0
        },
        "16": {
            "Item1": 0,
            "Item2": 0
        }
    },
    "MDSConsts": {
        "6": 0,
        "7": 0,
        "8": 0,
        "9": 0,
        "10": 0,
        "11": 0,
        "12": 0,
        "15": 0,
        "16": 0
    },
    "SemMDSCoef": {
        "6": {
            "12": 0,
            "15": 0,
            "16": 0
        },
        "7": {
            "12": 0,
            "15": 0,
            "16": 0
        },
        "8": {
            "12": 0,
            "15": 0,
            "16": 0
        },
        "9": {
            "12": 0,
            "15": 0,
            "16": 0
        },
        "10": {
            "12": 0,
            "15": 0,
            "16": 0
        },
        "11": {
            "12": 0,
            "15": 0,
            "16": 0
        }
    }
}