{
    "Brands": {
        "1056035": {
            "BrdId": 1056035,
            "BrdName": "REEGO",
            "FirId": 2,
            "RetailPrice": 560,
            "AttLevels": {
                "6": 70,
                "7": 70,
                "8": 22,
                "9": 7,
                "10": 55
            },
            "SemMDSPerceptions": {
                "6": 4.218999862670898,
                "7": 4.867000102996826,
                "8": 5.3379998207092285,
                "9": 3.180999994277954,
                "10": 4.243000030517578,
                "11": 4.201000213623047
            }
        },
        "1062831": {
            "BrdId": 1062831,
            "BrdName": "MEMORE",
            "FirId": 1,
            "RetailPrice": 570,
            "AttLevels": {
                "6": 70,
                "7": 65,
                "8": 35,
                "9": 7,
                "10": 53
            },
            "SemMDSPerceptions": {
                "6": 4.473999977111816,
                "7": 4.861000061035156,
                "8": 5.046999931335449,
                "9": 4.39300012588501,
                "10": 4.521999835968018,
                "11": 4.051000118255615
            }
        }
    },
    "DimSlopIntercept": {
        "6": {
            "Item1": 39.2156867980957,
            "Item2": 394.54901123046875
        },
        "7": {
            "Item1": 0,
            "Item2": 70
        },
        "8": {
            "Item1": 17.182130813598633,
            "Item2": -21.718212127685547
        },
        "9": {
            "Item1": 10.726072311401367,
            "Item2": -12.119636535644531
        },
        "10": {
            "Item1": 0,
            "Item2": 7
        },
        "11": {
            "Item1": 13.333333015441895,
            "Item2": -1.0133333206176758
        },
        "12": {
            "Item1": 0,
            "Item2": 0
        },
        "15": {
            "Item1": 0,
            "Item2": 0
        },
        "16": {
            "Item1": 0,
            "Item2": 0
        }
    },
    "MDSConsts": {
        "6": 0,
        "7": 0,
        "8": 0,
        "9": 0,
        "10": 0,
        "11": 0,
        "12": 0,
        "15": 0,
        "16": 0
    },
    "SemMDSCoef": {
        "6": {
            "12": 0,
            "15": 0,
            "16": 0
        },
        "7": {
            "12": 0,
            "15": 0,
            "16": 0
        },
        "8": {
            "12": 0,
            "15": 0,
            "16": 0
        },
        "9": {
            "12": 0,
            "15": 0,
            "16": 0
        },
        "10": {
            "12": 0,
            "15": 0,
            "16": 0
        },
        "11": {
            "12": 0,
            "15": 0,
            "16": 0
        }
    }
}